mode,metric,value,ci_low,ci_high,run_id
full,accuracy,0.7337662337662337,0.6623376623376623,0.8051948051948052,6111ed4af7414f7992bd4c8461bbdd7a
full,precision,0.6031746031746031,0.4826614861583293,0.7213342440801457,6111ed4af7414f7992bd4c8461bbdd7a
full,recall,0.7037037037037037,0.5744582348305753,0.8292812662169174,6111ed4af7414f7992bd4c8461bbdd7a
full,f1,0.6495726495726496,0.5453695836873407,0.7479705827592626,6111ed4af7414f7992bd4c8461bbdd7a
full,roc_auc,0.8125925925925926,0.7412779273039519,0.8729396970669655,6111ed4af7414f7992bd4c8461bbdd7a
chunks,accuracy,0.7142857142857143,0.6363636363636364,0.7857142857142857,c21939e3e12e41b9aad77f13d4669911
chunks,precision,0.578125,0.4589444923784872,0.7,c21939e3e12e41b9aad77f13d4669911
chunks,recall,0.6851851851851852,0.5434506263817244,0.8044314381270903,c21939e3e12e41b9aad77f13d4669911
chunks,f1,0.6271186440677966,0.508764495985727,0.7225833559230144,c21939e3e12e41b9aad77f13d4669911
chunks,roc_auc,0.7953703703703704,0.7225550338679284,0.8579715851172273,c21939e3e12e41b9aad77f13d4669911
